# HiveSQL
HiveSQLå…¥é—¨ï¼Œäº†è§£ä¸€ä¸‹ï¼ŸğŸ˜‰

## [HQLå°ç»ƒä¹ ](https://github.com/Dang-h/movieETL)

## HQLå°çŸ¥è¯†

```sql
-- ä¸€äº›è®¾ç½®
-- ä»¥æœ¬åœ°æ¨¡å¼è¿è¡Œ
/*
 å½“ä¸€ä¸ªjobæ»¡è¶³å¦‚ä¸‹æ¡ä»¶æ‰èƒ½çœŸæ­£ä½¿ç”¨æœ¬åœ°æ¨¡å¼ï¼š
 1.jobçš„è¾“å…¥æ•°æ®å¤§å°å¿…é¡»å°äºå‚æ•°ï¼šhive.exec.mode.local.auto.inputbytes.max(é»˜è®¤128MB)
 2.jobçš„mapæ•°å¿…é¡»å°äºå‚æ•°ï¼šhive.exec.mode.local.auto.tasks.max(é»˜è®¤4)
 3.jobçš„reduceæ•°å¿…é¡»ä¸º0æˆ–è€…1
 */
SET hive.exec.mode.local.auto=true;
-- æŸ¥çœ‹å†…ç½®å‡½æ•°
SHOW FUNCTIONS;
-- æŸ¥çœ‹monthç›¸å…³çš„å‡½æ•°
SHOW FUNCTIONS LIKE '*month*'
-- æŸ¥çœ‹å‡½æ•°ç”¨æ³•
DESC FUNCTION function_name;
-- æŸ¥çœ‹ add_months å‡½æ•°çš„è¯¦ç»†è¯´æ˜å¹¶ä¸¾ä¾‹
DESC FUNCTION EXTENDED add_months;
-- æŸ¥çœ‹åˆ†åŒº
SHOW PARTITIONS table_name;

-- åˆ›å»ºæ•°æ®åº“,æ•°æ®åº“åœ¨HDFSä¸Šçš„é»˜è®¤å­˜å‚¨è·¯å¾„æ˜¯/user/hive/warehouse/*.dbã€‚
CREATE DATABASE IF NOT EXISTS db_hive;

-- æŒ‡å®šHDFSä¸Šå­˜æ”¾ä½ç½®
CREATE DATABASE IF NOT EXISTS db_hive2 LOCATION '/db_hive2.db';

-- è¿‡æ»¤æŸ¥è¯¢æ•°æ®åº“
SHOW DATABASES LIKE 'db_hive*';

-- æ˜¾ç¤ºæ•°æ®åº“ä¿¡æ¯
DESC DATABASE db_hive;
/*
+----------+----------+-------------------------------------------------------+-------------+-------------+-------------+--+
| db_name  | comment  |                       location                        | owner_name  | owner_type  | parameters  |
+----------+----------+-------------------------------------------------------+-------------+-------------+-------------+--+
| db_hive  |          | hdfs://hadoop101:9000/user/hive/warehouse/db_hive.db  | atguigu     | USER        |             |
+----------+----------+-------------------------------------------------------+-------------+-------------+-------------+--+
*/

-- æ˜¾ç¤ºæ•°æ®åº“è¯¦ç»†ä¿¡æ¯
DESC DATABASE EXTENDED db_hive;
/*
 +----------+----------+-------------------------------------------------------+-------------+-------------+--------------------------+--+
| db_name  | comment  |                       location                        | owner_name  | owner_type  |        parameters        |
+----------+----------+-------------------------------------------------------+-------------+-------------+--------------------------+--+
| db_hive  |          | hdfs://hadoop101:9000/user/hive/warehouse/db_hive.db  | atguigu     | USER        | {createtime=2019-06-03}  |
+----------+----------+-------------------------------------------------------+-------------+-------------+--------------------------+--+

 */

--  ä¿®æ”¹æ•°æ®åº“
ALTER DATABASE db_hive SET DBPROPERTIES ('createtime' = '20190628');
/*
 +----------+----------+-------------------------------------------------------+-------------+-------------+------------------------+--+
| db_name  | comment  |                       location                        | owner_name  | owner_type  |       parameters       |
+----------+----------+-------------------------------------------------------+-------------+-------------+------------------------+--+
| db_hive  |          | hdfs://hadoop101:9000/user/hive/warehouse/db_hive.db  | atguigu     | USER        | {createtime=20190628}  |
+----------+----------+-------------------------------------------------------+-------------+-------------+------------------------+--+
 */

// åˆ é™¤æ•°æ®åº“
-- åˆ é™¤ç©ºæ•°æ®åº“
DROP DATABASE db_hive2;

DROP DATABASE IF EXISTS db_hive2;

-- å¼ºåˆ¶åˆ é™¤ä¸ä¸ºç©ºæ•°æ®åº“
DROP DATABASE db_hive CASCADE;

-- æ¸…ç©ºæŒ‡å®šè¡¨ä¸­çš„æ•°æ®
TRUNCATE TABLE stu_buck;

-- å¸¸ç”¨æ—¥æœŸå‡½æ•°
// 1 date_formate
// 2 date_add
// 3 next_add
// 4 next_day
// 5 last_day
// 6 date_sub


-- åˆ›å»ºè¡¨
CREATE
[EXTERNAL] TABLE [IF NOT EXISTS] table_name
(
    clo_name col_type [COMMENT col_comment],
    col_name2 col_tyoe2 [COMMENT col_comment2]
) [COMMENT table_comment]
    [PARTITIONED BY (col_name data_type [COMMENT col_comment])]
    [CLUSTERED BY (col_name, col_name1)]
    [SORTED BY (col_name [ASC|DESC], col_name) INTO num_buckets BUCKETS]
    [ROW FORMAT row_format]
    [STORED AS file_format]
    [LOCATION hdfs_path]
    [TBLPROPERTIES (property_name=property_value, property_name1=property_value1)]
    [AS select_statement];
/*
ï¼ˆ1ï¼‰CREATE TABLEï¼šåˆ›å»ºä¸€ä¸ªæŒ‡å®šåå­—çš„è¡¨ã€‚å¦‚æœç›¸åŒåå­—çš„è¡¨å·²ç»å­˜åœ¨ï¼Œåˆ™æŠ›å‡ºå¼‚å¸¸ï¼›å¯ä»¥ç”¨IF NOT EXISTS é€‰é¡¹æ¥å¿½ç•¥è¿™ä¸ªå¼‚å¸¸ã€‚
ï¼ˆ2ï¼‰EXTERNALï¼šåˆ›å»ºä¸€ä¸ªå¤–éƒ¨è¡¨ï¼Œåœ¨å»ºè¡¨çš„åŒæ—¶å¯ä»¥æŒ‡å®šä¸€ä¸ªæŒ‡å‘å®é™…æ•°æ®çš„è·¯å¾„ï¼ˆLOCATIONï¼‰ï¼Œåœ¨åˆ é™¤è¡¨çš„æ—¶å€™ï¼Œå†…éƒ¨è¡¨çš„å…ƒæ•°æ®å’Œ
    æ•°æ®ä¼šè¢«ä¸€èµ·åˆ é™¤ï¼Œè€Œå¤–éƒ¨è¡¨åªåˆ é™¤å…ƒæ•°æ®ï¼Œä¸åˆ é™¤æ•°æ®ã€‚
ï¼ˆ3ï¼‰COMMENTï¼šä¸ºè¡¨å’Œåˆ—æ·»åŠ æ³¨é‡Šã€‚
ï¼ˆ4ï¼‰PARTITIONED BYï¼šåˆ›å»ºåˆ†åŒºè¡¨
ï¼ˆ5ï¼‰CLUSTERED BYï¼šåˆ›å»ºåˆ†æ¡¶è¡¨
ï¼ˆ6ï¼‰SORTED BYï¼ˆä¸å¸¸ç”¨ï¼‰ï¼šå¯¹æ¡¶ä¸­çš„ä¸€ä¸ªæˆ–å¤šä¸ªåˆ—å¦å¤–æ’åº
ï¼ˆ7ï¼‰ROW FORMAT
        DELIMITED [FIELDS TERMINATED BY char]
                  [COLLECTION ITEMS TERMINATED BY char]
                  [MAP KEYS TERMINATED BY char]
                  [LINES TERMINATED BY char]
        | SERDE serde_name [WITH SERDEPROPERTIES (property_name=property_value, property_name=property_value, ...)]
    è§£é‡Šï¼š
        SerDeï¼ˆSerializer and Deserializerï¼‰
    ç”¨æˆ·åœ¨å»ºè¡¨çš„æ—¶å€™å¯ä»¥è‡ªå®šä¹‰SerDeæˆ–è€…ä½¿ç”¨è‡ªå¸¦çš„SerDeã€‚å¦‚æœæ²¡æœ‰æŒ‡å®šROW FORMAT æˆ–è€…ROW FORMAT DELIMITEDï¼Œå°†ä¼šä½¿ç”¨è‡ªå¸¦çš„SerDeã€‚
    åœ¨å»ºè¡¨çš„æ—¶å€™ï¼Œç”¨æˆ·è¿˜éœ€è¦ä¸ºè¡¨æŒ‡å®šåˆ—ï¼Œç”¨æˆ·åœ¨æŒ‡å®šè¡¨çš„åˆ—çš„åŒæ—¶ä¹Ÿä¼šæŒ‡å®šè‡ªå®šä¹‰çš„SerDeï¼ŒHiveé€šè¿‡SerDeç¡®å®šè¡¨çš„å…·ä½“çš„åˆ—çš„æ•°æ®ã€‚
ï¼ˆ8ï¼‰STORED ASï¼šæŒ‡å®šå­˜å‚¨æ–‡ä»¶ç±»å‹
    å¸¸ç”¨çš„å­˜å‚¨æ–‡ä»¶ç±»å‹ï¼šSEQUENCEFILEï¼ˆäºŒè¿›åˆ¶åºåˆ—æ–‡ä»¶ï¼‰ã€TEXTFILEï¼ˆæ–‡æœ¬ï¼‰ã€RCFILEï¼ˆåˆ—å¼å­˜å‚¨æ ¼å¼æ–‡ä»¶ï¼‰ã€PARQUETï¼ˆProtocolbufferï¼Œ
    thriftï¼Œjsonç­‰ï¼Œå°†è¿™ç±»æ•°æ®å­˜å‚¨æˆåˆ—å¼æ ¼å¼ï¼Œä»¥æ–¹ä¾¿å¯¹å…¶é«˜æ•ˆå‹ç¼©å’Œç¼–ç ï¼Œä¸”ä½¿ç”¨æ›´å°‘çš„IOæ“ä½œå–å‡ºéœ€è¦çš„æ•°æ®ï¼‰
    å¦‚æœæ–‡ä»¶æ•°æ®æ˜¯çº¯æ–‡æœ¬ï¼Œå¯ä»¥ä½¿ç”¨STORED AS TEXTFILEã€‚å¦‚æœæ•°æ®éœ€è¦å‹ç¼©ï¼Œä½¿ç”¨STORED AS SEQUENCEFILEã€‚
ï¼ˆ9ï¼‰LOCATION ï¼šæŒ‡å®šè¡¨åœ¨HDFSä¸Šçš„å­˜å‚¨ä½ç½®ã€‚
ï¼ˆ10ï¼‰ASï¼šåè·ŸæŸ¥è¯¢è¯­å¥ï¼Œæ ¹æ®æŸ¥è¯¢ç»“æœåˆ›å»ºè¡¨ã€‚
ï¼ˆ11ï¼‰LIKEï¼šå…è®¸ç”¨æˆ·å¤åˆ¶ç°æœ‰çš„è¡¨ç»“æ„ï¼Œä½†æ˜¯ä¸å¤åˆ¶æ•°æ®ã€‚
 */

-- åˆ›å»ºæ™®é€šè¡¨
CREATE TABLE IF NOT EXISTS user_info
(
    uid  int,
    name string,
    age  int
) ROW FORMAT DELIMITED FIELDS TERMINATED BY '\t'
    STORED AS TEXTFILE
    LOCATION '/user/hive/warehouse/user_info';
CREATE TABLE IF NOT EXISTS house_info
(
    houseId string,
    uid     int
) ROW FORMAT DELIMITED FIELDS TERMINATED BY '\t'
    STORED AS TEXTFILE
    LOCATION '/user/hive/warehouse/house_info';


-- æ ¹æ®æŸ¥è¯¢ç»“æœåˆ›å»ºè¡¨ï¼ˆæŸ¥è¯¢ç»“æœä¼šæ·»åŠ åˆ°æ–°åˆ›å»ºçš„è¡¨ä¸­ï¼‰
CREATE TABLE IF NOT EXISTS studen2 STORED AS ORC AS
SELECT id, name
FROM student;

-- æ ¹æ®å·²å­˜åœ¨çš„è¡¨ç»“æ„åˆ›å»ºè¡¨
CREATE TABLE IF NOT EXISTS student3 LIKE student;

-- æŸ¥è¯¢è¡¨çš„ç»“æ„
DESC FORMATTED student;

/*
+-------------------------------+-------------------------------------------------------------+-----------------------+--+
|           col_name            |                          data_type                          |        comment        |
+-------------------------------+-------------------------------------------------------------+-----------------------+--+
| # col_name                    | data_type                                                   | comment               |
|                               | NULL                                                        | NULL                  |
| id                            | int                                                         |                       |
| name                          | string                                                      |                       |
|                               | NULL                                                        | NULL                  |
| # Detailed Table Information  | NULL                                                        | NULL                  |
| Database:                     | db_hive                                                     | NULL                  |
| Owner:                        | atguigu                                                     | NULL                  |
| CreateTime:                   | Mon Jun 03 20:32:50 CST 2019                                | NULL                  |
| LastAccessTime:               | UNKNOWN                                                     | NULL                  |
| Protect Mode:                 | None                                                        | NULL                  |
| Retention:                    | 0                                                           | NULL                  |
| Location:                     | hdfs://hadoop101:9000/                                      | NULL                  |
| Table Type:                   | MANAGED_TABLE                                               | NULL                  |
| Table Parameters:             | NULL                                                        | NULL                  |
|                               | COLUMN_STATS_ACCURATE                                       | true                  |
|                               | numFiles                                                    | 0                     |
|                               | numRows                                                     | 3                     |
|                               | rawDataSize                                                 | 26                    |
|                               | totalSize                                                   | 0                     |
|                               | transient_lastDdlTime                                       | 1559653841            |
|                               | NULL                                                        | NULL                  |
| # Storage Information         | NULL                                                        | NULL                  |
| SerDe Library:                | org.apache.hadoop.hive.serde2.lazy.LazySimpleSerDe          | NULL                  |
| InputFormat:                  | org.apache.hadoop.mapred.TextInputFormat                    | NULL                  |
| OutputFormat:                 | org.apache.hadoop.hive.ql.io.HiveIgnoreKeyTextOutputFormat  | NULL                  |
| Compressed:                   | No                                                          | NULL                  |
| Num Buckets:                  | -1                                                          | NULL                  |
| Bucket Columns:               | []                                                          | NULL                  |
| Sort Columns:                 | []                                                          | NULL                  |
| Storage Desc Params:          | NULL                                                        | NULL                  |
|                               | field.delim                                                 | \t                    |
|                               | serialization.format                                        | \t                    |
+-------------------------------+-------------------------------------------------------------+-----------------------+--+
 */

--  åˆ›å»ºå¤–éƒ¨è¡¨
CREATE EXTERNAL TABLE stu_external
(
    id   int,
    name string
)
    ROW FORMAT DELIMITED FIELDS TERMINATED BY '\t'
    LOCATION '/student';

-- æŸ¥çœ‹è¡¨ç»“æ„
DESC FORMATTED stu_external;
/*
+-------------------------------+-------------------------------------------------------------+-----------------------+--+
|           col_name            |                          data_type                          |        comment        |
+-------------------------------+-------------------------------------------------------------+-----------------------+--+
| # col_name                    | data_type                                                   | comment               |
|                               | NULL                                                        | NULL                  |
| id                            | int                                                         |                       |
| name                          | string                                                      |                       |
|                               | NULL                                                        | NULL                  |
| # Detailed Table Information  | NULL                                                        | NULL                  |
| Database:                     | db_hive                                                     | NULL                  |
| Owner:                        | atguigu                                                     | NULL                  |
| CreateTime:                   | Fri Jun 28 20:37:56 CST 2019                                | NULL                  |
| LastAccessTime:               | UNKNOWN                                                     | NULL                  |
| Protect Mode:                 | None                                                        | NULL                  |
| Retention:                    | 0                                                           | NULL                  |
| Location:                     | hdfs://hadoop101:9000/student                               | NULL                  |
| Table Type:                   | EXTERNAL_TABLE                                              | NULL                  |
| Table Parameters:             | NULL                                                        | NULL                  |
|                               | COLUMN_STATS_ACCURATE                                       | false                 |
|                               | EXTERNAL                                                    | TRUE                  |
|                               | numFiles                                                    | 0                     |
|                               | numRows                                                     | -1                    |
|                               | rawDataSize                                                 | -1                    |
|                               | totalSize                                                   | 0                     |
|                               | transient_lastDdlTime                                       | 1561725476            |
|                               | NULL                                                        | NULL                  |
| # Storage Information         | NULL                                                        | NULL                  |
| SerDe Library:                | org.apache.hadoop.hive.serde2.lazy.LazySimpleSerDe          | NULL                  |
| InputFormat:                  | org.apache.hadoop.mapred.TextInputFormat                    | NULL                  |
| OutputFormat:                 | org.apache.hadoop.hive.ql.io.HiveIgnoreKeyTextOutputFormat  | NULL                  |
| Compressed:                   | No                                                          | NULL                  |
| Num Buckets:                  | -1                                                          | NULL                  |
| Bucket Columns:               | []                                                          | NULL                  |
| Sort Columns:                 | []                                                          | NULL                  |
| Storage Desc Params:          | NULL                                                        | NULL                  |
|                               | field.delim                                                 | \t                    |
|                               | serialization.format                                        | \t                    |
+-------------------------------+-------------------------------------------------------------+-----------------------+--+
 */


-- ä¿®æ”¹è¡¨ä¸ºå¤–éƒ¨è¡¨
ALTER TABLE student
    SET TBLPROPERTIES ('EXTERNAL' = 'TRUE');
-- æ³¨æ„ï¼š('EXTERNAL'='TRUE')å’Œ('EXTERNAL'='FALSE')ä¸ºå›ºå®šå†™æ³•ï¼ŒåŒºåˆ†å¤§å°å†™ï¼

-- è¡¨ç»“æ„
/*
+-------------------------------+-------------------------------------------------------------+-----------------------+--+
|           col_name            |                          data_type                          |        comment        |
+-------------------------------+-------------------------------------------------------------+-----------------------+--+
| Location:                     | hdfs://hadoop101:9000/user/hive/warehouse/students          | NULL                  |
| Table Type:                   | EXTERNAL_TABLE                                              | NULL                  |
+-------------------------------+-------------------------------------------------------------+-----------------------+--+
 */


-- åˆ›å»ºåˆ†åŒºè¡¨,Hiveä¸­çš„åˆ†åŒºå°±æ˜¯åˆ†ç›®å½•,æŠŠä¸€ä¸ªå¤§çš„æ•°æ®é›†æ ¹æ®ä¸šåŠ¡éœ€è¦åˆ†å‰²æˆå°çš„æ•°æ®é›†
CREATE TABLE dept_partition
(
    deptno int,
    dname  string,
    loc    string
) PARTITIONED BY (month string)
    ROW FORMAT DELIMITED FIELDS TERMINATED BY '\t';
-- æŸ¥çœ‹åˆ†åŒºè¡¨ç»“æ„
/*
+-------------------------------+----------------------------------------------------------------------+-----------------------+--+
|           col_name            |                              data_type                               |        comment        |
+-------------------------------+----------------------------------------------------------------------+-----------------------+--+
| # col_name                    | data_type                                                            | comment               |
|                               | NULL                                                                 | NULL                  |
| deptno                        | int                                                                  |                       |
| dname                         | string                                                               |                       |
| loc                           | string                                                               |                       |
|                               | NULL                                                                 | NULL                  |
| # Partition Information       | NULL                                                                 | NULL                  |
| # col_name                    | data_type                                                            | comment               |
|                               | NULL                                                                 | NULL                  |
| month                         | string                                                               |                       |
 */
-- åŠ è½½æ•°æ®åˆ°åˆ†åŒº
LOAD DATA LOCAL INPATH '/opt/module/datas/dept.txt' INTO TABLE dept_partition PARTITION (month = '201906');
LOAD DATA LOCAL INPATH '/opt/module/datas/dept.txt' INTO TABLE dept_partition PARTITION (month = '201905');
LOAD DATA LOCAL INPATH '/opt/module/datas/dept.txt' INTO TABLE dept_partition PARTITION (month = '201904');
LOAD DATA LOCAL INPATH '/opt/module/datas/dept.txt' INTO TABLE dept_partition PARTITION (month = '201903');

-- æŸ¥è¯¢åˆ†åŒºè¡¨æ•°æ®
SELECT *
FROM dept_partition
WHERE month = '201903';
/*
+------------------------+-----------------------+---------------------+-----------------------+--+
| dept_partition.deptno  | dept_partition.dname  | dept_partition.loc  | dept_partition.month  |
+------------------------+-----------------------+---------------------+-----------------------+--+
| 10                     | ACCOUNTING            | 1700                | 201903                |
| 20                     | RESEARCH              | 1800                | 201903                |
| 30                     | SALES                 | 1900                | 201903                |
| 40                     | OPERATIONS            | 1700                | 201903                |
+------------------------+-----------------------+---------------------+-----------------------+--+
 */
--  åˆ†åŒºè¡¨å°ä¾‹å­
// å»ºè¡¨
CREATE TABLE t_visit_video
(
    username   string,
    video_name string
) PARTITIONED BY (day string)
    ROW FORMAT DELIMITED FIELDS TERMINATED BY ',';
// å¯¼å…¥æ•°æ®
LOAD DATA LOCAL INPATH '/test/collect_set_test.txt' INTO TABLE t_visit_video PARTITION (day = '2019-07-10');
/*
 æ•°æ®ï¼š
å¼ ä¸‰,å¤§å”åŒé¾™ä¼ 
æå››,å¤©ä¸‹æ— è´¼
å¼ ä¸‰,ç¥æ¢ç‹„ä»æ°
æå››,éœ¸ç‹åˆ«å§¬
æå››,éœ¸ç‹åˆ«å§¬
ç‹äº”,æœºå™¨äººæ€»åŠ¨å‘˜
ç‹äº”,æ”¾ç‰›ç­çš„æ˜¥å¤©
ç‹äº”,ç›—æ¢¦ç©ºé—´
 */
// æŸ¥çœ‹
SELECT *
FROM t_visit_video;
/*
+-------------------------+---------------------------+--------------------+--+
| t_visit_video.username  | t_visit_video.video_name  | t_visit_video.day  |
+-------------------------+---------------------------+--------------------+--+
| å¼ ä¸‰                      | å¤§å”åŒé¾™ä¼                | 2019-07-10         |
| æå››                      | å¤©ä¸‹æ— è´¼                 | 2019-07-10         |
| å¼ ä¸‰                      | ç¥æ¢ç‹„ä»æ°               | 2019-07-10         |
| æå››                      | éœ¸ç‹åˆ«å§¬                 | 2019-07-10         |
| æå››                      | éœ¸ç‹åˆ«å§¬                 | 2019-07-10         |
| ç‹äº”                      | æœºå™¨äººæ€»åŠ¨å‘˜             | 2019-07-10         |
| ç‹äº”                      | æ”¾ç‰›ç­çš„æ˜¥å¤©             | 2019-07-10         |
| ç‹äº”                      | ç›—æ¢¦ç©ºé—´                 | 2019-07-10         |
+-------------------------+---------------------------+--------------------+--+
*/

-- å¤šè¡¨è”åˆæŸ¥è¯¢
SELECT *
FROM dept_partition
WHERE month = '201904'
UNION
SELECT *
FROM dept_partition
WHERE month = '201905';
/*
+------------+-----------+---------+--_--------+
| _u2.deptno | _u2.dname | _u2.loc | _u2.month |
+------------+-----------+---------+-----------+
|10	         | ACCOUNTING| 1700	   | 201904    |
|10	         | ACCOUNTING| 1700	   | 201905    |
|20	         | RESEARCH	 | 1800	   | 201904    |
|20	         | RESEARCH	 | 1800	   | 201905    |
|30	         | SALES	 | 1900	   | 201904    |
|30	         | SALES	 | 1900	   | 201905    |
|40	         | OPERATIONS| 1700	   | 201904    |
|40	         | OPERATIONS| 1700	   | 201905    |
+------------+-----------+---------+-----------+
 */
--  å¢åŠ åˆ†åŒº
ALTER TABLE dept_partition
    ADD PARTITION (month = '201907');
-- åˆ é™¤åˆ†åŒº
ALTER TABLE dept_partition
    DROP PARTITION (month = '201906');
-- æŸ¥çœ‹åˆ†åŒºæ•°
SHOW PARTITIONS dept_partition;
/*
+---------------+--+
|   partition   |
+---------------+--+
| month=201709  |
| month=201903  |
| month=201904  |
| month=201905  |
| month=201906  |
+---------------+--+
 */

--  åˆ›å»ºäºŒçº§åˆ†åŒºè¡¨
CREATE TABLE dept_partition2
(
    deptno int,
    dname  string,
    loc    string
)
    PARTITIONED BY (month string, day string) ROW FORMAT DELIMITED FIELDS TERMINATED BY '\t';

-- åŠ è½½æ•°æ®åˆ°äºŒçº§åˆ†åŒºè¡¨
LOAD DATA LOCAL INPATH '/data/hive/dept.txt' INTO TABLE dept_partition2 PARTITION (month = '201906', day = '30');

-- ä¿®æ”¹è¡¨
-- é‡å‘½åè¡¨
ALTER TABLE table_name
    RENAME TO new_table_name;


-- å¢åŠ /ä¿®æ”¹/æ›¿æ¢åˆ—ä¿¡æ¯
-- æ›´æ–°åˆ—
ALTER TABLE table_name
    CHANGE [COLUMN] col_old_name col_new_name column_tyoe [COMMENT col_comment];
-- å¢åŠ å’Œæ›¿æ¢åˆ—
ALTER TABLE table_name
    ADD | REPLACE COLUMS (col_name data_type);

-- ç¤ºä¾‹
ALTER TABLE dept_partition
    ADD COLUMNS (deptdesc string);

-- å°†åˆ—deptdescæ”¹åä¸ºdesc
ALTER TABLE dept_partition
    CHANGE COLUMN deptdesc desc string;

-- æ›´æ”¹å­—æ®µç±»å‹ï¼Œchangeåå­—æ®µåç§°å†™ä¸¤é
ALTER TABLE dept_partition2
    CHANGE deptno deptno string;


-- æ•°æ®å¯¼å…¥
LOAD DATA [LOCAL] INPATH '/data/hive/student.txt' [OVERWRITE] INTO TABLE student [PARTITION (partCol1=cal1,...)]
/*
ï¼ˆ1ï¼‰load data:è¡¨ç¤ºåŠ è½½æ•°æ®
ï¼ˆ2ï¼‰local:è¡¨ç¤ºä»æœ¬åœ°åŠ è½½æ•°æ®åˆ°hiveè¡¨(ä»æœ¬åœ°å¤åˆ¶ä¸Šä¼ )ï¼›å¦åˆ™ä»HDFSåŠ è½½æ•°æ®åˆ°hiveè¡¨ï¼ˆåœ¨HDFSä¸­ç§»åŠ¨ï¼‰
ï¼ˆ3ï¼‰inpath:è¡¨ç¤ºåŠ è½½æ•°æ®çš„è·¯å¾„
ï¼ˆ4ï¼‰overwrite:è¡¨ç¤ºè¦†ç›–è¡¨ä¸­å·²æœ‰æ•°æ®ï¼Œå¦åˆ™è¡¨ç¤ºè¿½åŠ 
ï¼ˆ5ï¼‰into table:è¡¨ç¤ºåŠ è½½åˆ°å“ªå¼ è¡¨
ï¼ˆ6ï¼‰student:è¡¨ç¤ºå…·ä½“çš„è¡¨
ï¼ˆ7ï¼‰partition:è¡¨ç¤ºä¸Šä¼ åˆ°æŒ‡å®šåˆ†åŒº
 */

--  é€šè¿‡æŸ¥è¯¢è¯­å¥å‘è¡¨ä¸­æ’æ•°æ®
INSERT INTO TABLE student
SELECT clo1, col2, col3
FROM table_name;

-- åˆ›å»ºä¸€å¼ åˆ†åŒºè¡¨
CREATE TABLE student
(
    id   int,
    name string
) PARTITIONED BY (month string) ROW FORMAT DELIMITED FIELDS TERMINATED BY '\t';
-- æ’å…¥æ•°æ®
INSERT INTO TABLE student PARTITION (month = '201906')
VALUES (1, 'zhangsan'),
       (2, 'ç‹äº”');


-- æŸ¥è¯¢å°ç»ƒä¹ 
-- åˆ›å»ºéƒ¨é—¨è¡¨
CREATE TABLE IF NOT EXISTS dept
(
    deptno int,
    dname  string,
    loc    string
) ROW FORMAT DELIMITED FIELDS TERMINATED BY '\t';
-- åˆ›å»ºå‘˜å·¥è¡¨
CREATE TABLE IF NOT EXISTS emp
(
    empno    int,
    ename    string,
    job      string,
    mgr      int,
    hiredate string,
    sal      double,
    comm     double,
    deptno   int
)
    ROW FORMAT DELIMITED FIELDS TERMINATED BY '\t';
-- å¯¼å…¥æ•°æ®
LOAD DATA LOCAL INPATH '/data/hive/dept.txt' INTO TABLE dept;
LOAD DATA LOCAL INPATH '/data/hive/emp.txt' INTO TABLE emp;

-- æŸ¥è¯¢åç§°å’Œéƒ¨é—¨
SELECT ename AS name, deptno AS dn
FROM emp;

-- åˆ†ç»„å‡½æ•°ï¼Œé€šå¸¸å’Œèšåˆå‡½æ•°ä¸€èµ·ä½¿ç”¨ï¼ŒæŒ‰ç…§ä¸€ä¸ªæˆ–å¤šä¸ªåˆ—ç»“æœè¿›è¡Œåˆ†ç»„ï¼Œç„¶åå¯¹æ¯ä¸ªç»„æ‰§è¡Œèšåˆæ“ä½œ,å¸¸ä¸èšåˆå‡½æ•°ä¸€èµ·ä½¿ç”¨ï¼Œ
SELECT *
FROM emp;
/*
+------------+------------+------------+----------+---------------+----------+-----------+-------------+--+
| emp.empno  | emp.ename  |  emp.job   | emp.mgr  | emp.hiredate  | emp.sal  | emp.comm  | emp.deptno  |
+------------+------------+------------+----------+---------------+----------+-----------+-------------+--+
| 7369       | SMITH      | CLERK      | 7902     | 1980-12-17    | 800.0    | NULL      | 20          |
| 7499       | ALLEN      | SALESMAN   | 7698     | 1981-2-20     | 1600.0   | 300.0     | 30          |
| 7521       | WARD       | SALESMAN   | 7698     | 1981-2-22     | 1250.0   | 500.0     | 30          |
| 7566       | JONES      | MANAGER    | 7839     | 1981-4-2      | 2975.0   | NULL      | 20          |
| 7654       | MARTIN     | SALESMAN   | 7698     | 1981-9-28     | 1250.0   | 1400.0    | 30          |
| 7698       | BLAKE      | MANAGER    | 7839     | 1981-5-1      | 2850.0   | NULL      | 30          |
| 7782       | CLARK      | MANAGER    | 7839     | 1981-6-9      | 2450.0   | NULL      | 10          |
| 7788       | SCOTT      | ANALYST    | 7566     | 1987-4-19     | 3000.0   | NULL      | 20          |
| 7839       | KING       | PRESIDENT  | NULL     | 1981-11-17    | 5000.0   | NULL      | 10          |
| 7844       | TURNER     | SALESMAN   | 7698     | 1981-9-8      | 1500.0   | 0.0       | 30          |
| 7876       | ADAMS      | CLERK      | 7788     | 1987-5-23     | 1100.0   | NULL      | 20          |
| 7900       | JAMES      | CLERK      | 7698     | 1981-12-3     | 950.0    | NULL      | 30          |
| 7902       | FORD       | ANALYST    | 7566     | 1981-12-3     | 3000.0   | NULL      | 20          |
| 7934       | MILLER     | CLERK      | 7782     | 1982-1-23     | 1300.0   | NULL      | 10          |
+------------+------------+------------+----------+---------------+----------+-----------+-------------+--+
 */

SELECT *
FROM dept;
/*
+--------------+-------------+-----------+--+
| dept.deptno  | dept.dname  | dept.loc  |
+--------------+-------------+-----------+--+
| 10           | ACCOUNTING  | 1700      |
| 20           | RESEARCH    | 1800      |
| 30           | SALES       | 1900      |
| 40           | OPERATIONS  | 1700      |
+--------------+-------------+-----------+--+
*/

-- è®¡ç®—empè¡¨æ¯ä¸ªéƒ¨é—¨çš„å¹³å‡å·¥èµ„
SELECT e.deptno, avg(e.sal) AS avg_sal
FROM emp e
GROUP BY e.deptno;
/*
+-----------+---------------------+--+
| e.deptno  |       avg_sal       |
+-----------+---------------------+--+
| 10        | 2916.6666666666665  |
| 20        | 2175.0              |
| 30        | 1566.6666666666667  |
+-----------+---------------------+--+
 */

-- è®¡ç®—empæ¯ä¸ªéƒ¨é—¨ä¸­æ¯ä¸ªå²—ä½çš„æœ€é«˜è–ªæ°´
-- 1ã€æ¯ä¸ªéƒ¨é—¨ï¼Œéƒ¨é—¨åˆ†ç»„
-- 2ã€æ¯ä¸ªå²—ä½ï¼Œå²—ä½åˆ†ç»„
-- 2ã€æœ€é«˜è–ªæ°´ï¼Œé€‰å‡ºéƒ¨é—¨ä¸­æœ€é«˜è–ªæ°´
SELECT deptno, job
FROM emp
GROUP BY deptno, job;
/*
+---------+------------+--+
| deptno  |    job     |
+---------+------------+--+
| 10      | CLERK      |
| 10      | MANAGER    |
| 10      | PRESIDENT  |
| 20      | ANALYST    |
| 20      | CLERK      |
| 20      | MANAGER    |
| 30      | CLERK      |
| 30      | MANAGER    |
| 30      | SALESMAN   |
+---------+------------+--+
 */

SELECT e.deptno, e.job, max(e.sal) AS max_sal
FROM emp e
GROUP BY e.deptno, e.job;
/*
+-----------+------------+----------+--+
| e.deptno  |   e.job    | max_sal  |
+-----------+------------+----------+--+
| 10        | CLERK      | 1300.0   |
| 10        | MANAGER    | 2450.0   |
| 10        | PRESIDENT  | 5000.0   |
| 20        | ANALYST    | 3000.0   |
| 20        | CLERK      | 1100.0   |
| 20        | MANAGER    | 2975.0   |
| 30        | CLERK      | 950.0    |
| 30        | MANAGER    | 2850.0   |
| 30        | SALESMAN   | 1600.0   |
+-----------+------------+----------+--+
 */

-- åˆ—è½¬è¡Œï¼ŒæŸ¥çœ‹ä¸€ä¸ªéƒ¨é—¨æœ‰å“ªäº›èŒä½,åŠéƒ¨é—¨æœ€é«˜è–ªèµ„
SELECT e.deptno, concat_ws('|', collect_set(e.job)) dept_job, max(e.sal) max_sal
FROM emp e
GROUP BY e.deptno;
/*
+-----------+--------------------------+----------+--+
| e.deptno  |         dept_job         | max_sal  |
+-----------+--------------------------+----------+--+
| 10        | MANAGER|PRESIDENT|CLERK  | 5000.0   |
| 20        | CLERK|MANAGER|ANALYST    | 3000.0   |
| 30        | SALESMAN|MANAGER|CLERK   | 2850.0   |
+-----------+--------------------------+----------+--+
*/

/*
 havingä¸whereä¸åŒç‚¹
ï¼ˆ1ï¼‰whereåé¢ä¸èƒ½å†™åˆ†ç»„å‡½æ•°ï¼Œè€Œhavingåé¢å¯ä»¥ä½¿ç”¨åˆ†ç»„å‡½æ•°ã€‚
ï¼ˆ2ï¼‰havingåªç”¨äºgroup byåˆ†ç»„ç»Ÿè®¡è¯­å¥ã€‚
 */

-- æ±‚æ¯ä¸ªéƒ¨é—¨çš„å¹³å‡è–ªæ°´å¤§äº2000çš„éƒ¨é—¨
/*
 1ã€æ±‚éƒ¨é—¨å¹³å‡å·¥èµ„
 2ã€å¹³å‡è–ªæ°´>2000çš„éƒ¨é—¨
 */

-- 1
SELECT deptno, avg(sal) AS avg_sal
FROM emp
GROUP BY deptno;
/*
+---------+---------------------+--+
| deptno  |       avg_sal       |
+---------+---------------------+--+
| 10      | 2916.6666666666665  |
| 20      | 2175.0              |
| 30      | 1566.6666666666667  |
+---------+---------------------+--+
 */

-- 2
SELECT deptno, avg(sal) AS avg_sql
FROM emp
GROUP BY deptno
HAVING avg_sql > 2000;
/*
+---------+---------------------+--+
| deptno  |       avg_sql       |
+---------+---------------------+--+
| 10      | 2916.6666666666665  |
| 20      | 2175.0              |
+---------+---------------------+--+
 */

-- join
/*
 åªæ”¯æŒç­‰å€¼è¿æ¥ï¼Œä¸æ”¯æŒéç­‰å€¼è¿æ¥
 ä¸¤ä¸ªè¡¨m,nä¹‹é—´æŒ‰ç…§onæ¡ä»¶è¿æ¥ï¼Œmä¸­çš„ä¸€æ¡è®°å½•å’Œnä¸­çš„ä¸€æ¡è®°å½•ç»„æˆä¸€æ¡æ–°è®°å½•ã€‚
 joinç­‰å€¼è¿æ¥ï¼ˆå†…è¿æ¥ï¼‰ï¼Œåªæœ‰æŸä¸ªå€¼åœ¨må’Œnä¸­åŒæ—¶å­˜åœ¨æ—¶ã€‚
 left outer joinå·¦å¤–è¿æ¥ï¼Œå·¦è¾¹è¡¨ä¸­çš„å€¼æ— è®ºæ˜¯å¦åœ¨bä¸­å­˜åœ¨æ—¶ï¼Œéƒ½è¾“å‡ºï¼›å³è¾¹è¡¨ä¸­çš„å€¼ï¼Œåªæœ‰åœ¨å·¦è¾¹è¡¨ä¸­å­˜åœ¨æ—¶æ‰è¾“å‡ºï¼Œå¦åˆ™ä¸ºnull
 right outer joinå’Œleft outer joinç›¸åã€‚
 left semi joinç±»ä¼¼existsã€‚å³æŸ¥æ‰¾å³è¡¨ä¸­çš„æ•°æ®ï¼Œæ˜¯å¦åœ¨å·¦è¡¨ä¸­å­˜åœ¨ï¼Œæ‰¾å‡ºå­˜åœ¨çš„æ•°æ®ã€‚ï¼ˆå·¦åŠè¿æ¥ï¼‰æ˜¯ IN/EXISTS å­æŸ¥è¯¢çš„ä¸€ç§æ›´é«˜æ•ˆçš„å®ç°ã€‚
 */

-- æ ¹æ®å‘˜å·¥è¡¨å’Œéƒ¨é—¨è¡¨ä¸­çš„éƒ¨é—¨ç¼–å·ç›¸ç­‰ï¼ŒæŸ¥è¯¢å‘˜å·¥ç¼–å·ã€å‘˜å·¥åç§°å’Œéƒ¨é—¨åç§°
/*
 1ã€éƒ¨é—¨ç¼–å·ç›¸ç­‰
 2ã€æŸ¥è¯¢å‘˜å·¥ç¼–å·ï¼ˆempnoï¼‰ã€å‘˜å·¥åç§°ï¼ˆempnameï¼‰ã€æœ¬é—¨åç§°ï¼ˆdeptnameï¼‰
 */
-- è¡¨çš„åˆ«å
/*
 ï¼ˆ1ï¼‰ä½¿ç”¨åˆ«åå¯ä»¥ç®€åŒ–æŸ¥è¯¢ã€‚
 ï¼ˆ2ï¼‰ä½¿ç”¨è¡¨åå‰ç¼€å¯ä»¥æé«˜æ‰§è¡Œæ•ˆç‡ã€‚
 */
SELECT e.empno AS empno, e.ename AS ename, d.dname AS deptname
FROM emp AS e
         JOIN dept AS d
              ON e.deptno = d.deptno;
/*
+--------+---------+-------------+--+
| empno  |  ename  |  deptname   |
+--------+---------+-------------+--+
| 7369   | SMITH   | RESEARCH    |
| 7499   | ALLEN   | SALES       |
| 7521   | WARD    | SALES       |
| 7566   | JONES   | RESEARCH    |
| 7654   | MARTIN  | SALES       |
| 7698   | BLAKE   | SALES       |
| 7782   | CLARK   | ACCOUNTING  |
| 7788   | SCOTT   | RESEARCH    |
| 7839   | KING    | ACCOUNTING  |
| 7844   | TURNER  | SALES       |
| 7876   | ADAMS   | RESEARCH    |
| 7900   | JAMES   | SALES       |
| 7902   | FORD    | RESEARCH    |
| 7934   | MILLER  | ACCOUNTING  |
+--------+---------+-------------+--+
 */

--  å†…è¿æ¥ï¼šåªæœ‰è¿›è¡Œè¿æ¥çš„ä¸¤ä¸ªè¡¨ä¸­éƒ½å­˜åœ¨ä¸è¿æ¥æ¡ä»¶ç›¸åŒ¹é…çš„æ•°æ®æ‰ä¼šè¢«ä¿ç•™ä¸‹æ¥ã€‚
SELECT e.empno AS empno, e.ename AS ename, d.deptno AS deptno
FROM emp AS e
         JOIN dept AS d
              ON e.deptno = d.deptno;
/*
+--------+---------+---------+--+
| empno  |  ename  | deptno  |
+--------+---------+---------+--+
| 7369   | SMITH   | 20      |
| 7499   | ALLEN   | 30      |
| 7521   | WARD    | 30      |
| 7566   | JONES   | 20      |
| 7654   | MARTIN  | 30      |
| 7698   | BLAKE   | 30      |
| 7782   | CLARK   | 10      |
| 7788   | SCOTT   | 20      |
| 7839   | KING    | 10      |
| 7844   | TURNER  | 30      |
| 7876   | ADAMS   | 20      |
| 7900   | JAMES   | 30      |
| 7902   | FORD    | 20      |
| 7934   | MILLER  | 10      |
+--------+---------+---------+--+
*/

-- å·¦å¤–è¿æ¥
/*
 LEFT [OUTER] JOINæ“ä½œï¼šå·¦è¾¹è¡¨ä¸­çš„å€¼æ— è®ºæ˜¯å¦åœ¨å³è¡¨ä¸­å­˜åœ¨ï¼Œéƒ½è¾“å‡ºï¼›
                        å³è¾¹è¡¨ä¸­çš„å€¼ï¼Œåªæœ‰åœ¨å·¦è¾¹è¡¨ä¸­å­˜åœ¨æ‰è¾“å‡ºã€‚å·¦è¡¨ä¸­å­˜åœ¨ï¼Œå³è¡¨ä¸­ä¸å­˜åœ¨çš„ç”¨nullä»£æ›¿
 å¦‚ï¼š
    è¡¨dept
    +--------------+-------------+-----------+--+
    | dept.deptno  | dept.dname  | dept.loc  |
    +--------------+-------------+-----------+--+
    | 10           | ACCOUNTING  | 1700      |
    | 20           | RESEARCH    | 1800      |
    | 30           | SALES       | 1900      |
    | 40           | OPERATIONS  | 1700      |
    +--------------+-------------+-----------+--+

    è¡¨emp
    +------------+------------+------------+----------+---------------+----------+-----------+-------------+--+
    | emp.empno  | emp.ename  |  emp.job   | emp.mgr  | emp.hiredate  | emp.sal  | emp.comm  | emp.deptno  |
    +------------+------------+------------+----------+---------------+----------+-----------+-------------+--+
    | 7369       | SMITH      | CLERK      | 7902     | 1980-12-17    | 800.0    | NULL      | 20          |
    | 7499       | ALLEN      | SALESMAN   | 7698     | 1981-2-20     | 1600.0   | 300.0     | 30          |
    | 7521       | WARD       | SALESMAN   | 7698     | 1981-2-22     | 1250.0   | 500.0     | 30          |
    | 7566       | JONES      | MANAGER    | 7839     | 1981-4-2      | 2975.0   | NULL      | 20          |
    | 7654       | MARTIN     | SALESMAN   | 7698     | 1981-9-28     | 1250.0   | 1400.0    | 30          |
    | 7698       | BLAKE      | MANAGER    | 7839     | 1981-5-1      | 2850.0   | NULL      | 30          |
    | 7782       | CLARK      | MANAGER    | 7839     | 1981-6-9      | 2450.0   | NULL      | 10          |
    | 7788       | SCOTT      | ANALYST    | 7566     | 1987-4-19     | 3000.0   | NULL      | 20          |
    | 7839       | KING       | PRESIDENT  | NULL     | 1981-11-17    | 5000.0   | NULL      | 10          |
    | 7844       | TURNER     | SALESMAN   | 7698     | 1981-9-8      | 1500.0   | 0.0       | 30          |
    | 7876       | ADAMS      | CLERK      | 7788     | 1987-5-23     | 1100.0   | NULL      | 20          |
    | 7900       | JAMES      | CLERK      | 7698     | 1981-12-3     | 950.0    | NULL      | 30          |
    | 7902       | FORD       | ANALYST    | 7566     | 1981-12-3     | 3000.0   | NULL      | 20          |
    | 7934       | MILLER     | CLERK      | 7782     | 1982-1-23     | 1300.0   | NULL      | 10          |
    +------------+------------+------------+----------+---------------+----------+-----------+-------------+--+

 */

SELECT d.deptno, d.dname, e.empno, e.ename
FROM dept AS d
         LEFT JOIN emp AS e
                   ON e.deptno = d.deptno;
/*
+-----------+-------------+----------+----------+--+
| d.deptno  |   d.dname   | e.empno  | e.ename  |
+-----------+-------------+----------+----------+--+
| 10        | ACCOUNTING  | 7782     | CLARK    |
| 10        | ACCOUNTING  | 7839     | KING     |
| 10        | ACCOUNTING  | 7934     | MILLER   |
| 20        | RESEARCH    | 7369     | SMITH    |
| 20        | RESEARCH    | 7566     | JONES    |
| 20        | RESEARCH    | 7788     | SCOTT    |
| 20        | RESEARCH    | 7876     | ADAMS    |
| 20        | RESEARCH    | 7902     | FORD     |
| 30        | SALES       | 7499     | ALLEN    |
| 30        | SALES       | 7521     | WARD     |
| 30        | SALES       | 7654     | MARTIN   |
| 30        | SALES       | 7698     | BLAKE    |
| 30        | SALES       | 7844     | TURNER   |
| 30        | SALES       | 7900     | JAMES    |
| 40        | OPERATIONS  | NULL     | NULL     |
+-----------+-------------+----------+----------+--+
*/

-- æ»¡å¤–è¿æ¥ï¼šè¿”å›æ‰€æœ‰è¡¨ä¸­ç¬¦åˆWHEREè¯­å¥æ¡ä»¶çš„æ‰€æœ‰è®°å½•ã€‚å¦‚æœä»»ä¸€è¡¨çš„æŒ‡å®šå­—æ®µæ²¡æœ‰ç¬¦åˆæ¡ä»¶çš„å€¼çš„è¯ï¼Œé‚£ä¹ˆå°±ä½¿ç”¨NULLå€¼æ›¿ä»£ã€‚
SELECT e.ename, e.empno, d.deptno, d.dname
FROM emp AS e
         FULL JOIN dept AS d
                   ON e.deptno = d.deptno;
/*
+----------+----------+-----------+-------------+--+
| e.ename  | e.empno  | d.deptno  |   d.dname   |
+----------+----------+-----------+-------------+--+
| MILLER   | 7934     | 10        | ACCOUNTING  |
| KING     | 7839     | 10        | ACCOUNTING  |
| CLARK    | 7782     | 10        | ACCOUNTING  |
| ADAMS    | 7876     | 20        | RESEARCH    |
| SCOTT    | 7788     | 20        | RESEARCH    |
| SMITH    | 7369     | 20        | RESEARCH    |
| JONES    | 7566     | 20        | RESEARCH    |
| FORD     | 7902     | 20        | RESEARCH    |
| TURNER   | 7844     | 30        | SALES       |
| ALLEN    | 7499     | 30        | SALES       |
| BLAKE    | 7698     | 30        | SALES       |
| MARTIN   | 7654     | 30        | SALES       |
| WARD     | 7521     | 30        | SALES       |
| JAMES    | 7900     | 30        | SALES       |
| NULL     | NULL     | 40        | OPERATIONS  |
+----------+----------+-----------+-------------+--+
*/

-- æ’åº
-- order byï¼šå…¨å±€æ’åºï¼Œåªæœ‰ä¸€ä¸ªReducerå‚ä¸è¿ç®—ï¼Œä¼šæŠŠæ‰€æœ‰æ•°æ®åŠ è½½åˆ°å†…å­˜ä¸­è¿›è¡Œæ’åº
-- Sort byï¼šReducernå±€éƒ¨æ’åºï¼Œä¸ºæ¯ä¸ªreduceräº§ç”Ÿä¸€ä¸ªæ’åºæ–‡ä»¶ã€‚æ¯ä¸ªReducerå†…éƒ¨è¿›è¡Œæ’åºï¼Œå¯¹å…¨å±€ç»“æœé›†æ¥è¯´ä¸æ˜¯æ’åºã€‚
SELECT *
FROM emp SORT BY deptno DESC;

-- åˆ†åŒºæ’åºï¼ˆDistribute Byï¼‰
/*
 æ§åˆ¶æŸä¸ªç‰¹å®šè¡Œåº”è¯¥åˆ°å“ªä¸ªreducer
 */
--  è®¾ç½®reduceä¸ªæ•°
SET mapreduce.job.reduces=3;
-- å…ˆæŒ‰ç…§éƒ¨é—¨ç¼–å·åˆ†åŒºï¼Œå†æŒ‰ç…§å‘˜å·¥ç¼–å·é™åºæ’åºã€‚
INSERT OVERWRITE LOCAL DIRECTORY '/opt/module/datas/distribute-result'
SELECT *
FROM emp DISTRIBUTE BY deptno SORT BY empno DESC;



-- åˆ†æ¡¶åŠæŠ½æ ·æŸ¥è¯¢
/*
 åˆ†åŒºæä¾›ä¸€ä¸ªéš”ç¦»æ•°æ®å’Œä¼˜åŒ–æŸ¥è¯¢çš„ä¾¿åˆ©æ–¹å¼ï¼Œ
 å¯¹äºä¸€å¼ è¡¨æˆ–è€…åˆ†åŒºï¼Œå¯è¿›ä¸€æ­¥ç»„ç»‡æˆæ¡¶ï¼Œè®©å…¶æ•°æ®ç²’åº¦æ›´ç»†
 åˆ†åŒºé’ˆå¯¹çš„æ˜¯æ•°æ®çš„å­˜å‚¨è·¯å¾„ï¼›åˆ†æ¡¶é’ˆå¯¹çš„æ˜¯æ•°æ®æ–‡ä»¶ã€‚
 åˆ›å»ºåˆ†æ¡¶è¡¨æ—¶ï¼Œæ•°æ®é€šè¿‡å­æŸ¥è¯¢çš„æ–¹å¼å¯¼å…¥
 */
-- åˆ›å»ºåˆ†æ¡¶è¡¨ï¼ŒæŒ‡å®šåˆ†2ä¸ªæ¡¶
CREATE TABLE stu_buck
(
    id   int,
    name string
) CLUSTERED BY (id) INTO 2 BUCKETS ROW FORMAT DELIMITED FIELDS TERMINATED BY '\t';
-- åˆ›å»ºæ™®é€šè¡¨stu
CREATE TABLE stu
(
    id   int,
    name string
)
    ROW FORMAT DELIMITED FIELDS TERMINATED BY '\t';
-- å‘æ™®é€šè¡¨stuå¯¼å…¥æ•°æ®
LOAD DATA LOCAL INPATH '/data/hive/student.txt' INTO TABLE stu;
-- è®¾ç½®å±æ€§
SET hive.enforce.bucketing=true;
SET mapreduce.job.reduces=-1;
-- é€šè¿‡å­æŸ¥è¯¢çš„æ–¹å¼ï¼Œå¯¼å…¥æ•°æ®åˆ°åˆ†æ¡¶è¡¨
INSERT INTO TABLE stu_buck
SELECT id, name
FROM stu;
-- æŸ¥è¯¢åˆ†æ¡¶çš„æ•°æ®
SELECT *
FROM stu_buck TABLESAMPLE (BUCKET 1 OUT OF 2 ON id);
/*
+--------------+----------------+--+
| stu_buck.id  | stu_buck.name  |
+--------------+----------------+--+
| 1016         | ss16           |
| 1010         | ss10           |
| 1002         | ss2            |
| 1012         | ss12           |
| 1006         | ss6            |
| 1014         | ss14           |
| 1004         | ss4            |
| 1008         | ss8            |
+--------------+----------------+--+
*/


-- å¸¸ç”¨å‡½æ•°ä½¿ç”¨
-- NVLï¼šç»™å€¼ä¸ºNULL çš„æ•°æ®èµ‹å€¼ã€‚æ ¼å¼ï¼šNVL( valueï¼Œdefault_value)ã€‚default_valueéœ€è¦å’Œå­—æ®µç±»å‹ç›¸åŒ
-- å¦‚æœvalue ä¸ºNULLï¼Œè¿”å›default_valueçš„å€¼ï¼Œå¦åˆ™è¿”å›valueçš„å€¼ï¼Œå¦‚æœä¸¤ä¸ªå‚æ•°éƒ½ä¸ºNULLï¼Œåˆ™è¿”å›NULLã€‚
SELECT comm, nvl(comm, -1) null_comm
FROM emp;
/*
+---------+------------+--+
|  comm   | null_comm  |
+---------+------------+--+
| NULL    | -1.0       |
| 300.0   | 300.0      |
| 500.0   | 500.0      |
| NULL    | -1.0       |
| 1400.0  | 1400.0     |
| NULL    | -1.0       |
| NULL    | -1.0       |
| NULL    | -1.0       |
| NULL    | -1.0       |
| 0.0     | 0.0        |
| NULL    | -1.0       |
| NULL    | -1.0       |
| NULL    | -1.0       |
| NULL    | -1.0       |
+---------+------------+--+
*/


-- case when çš„ä½¿ç”¨
-- æ±‚å‡ºä¸åŒéƒ¨é—¨ç”·å¥³å„å¤šå°‘äºº
/*
 ç»“æœå¦‚ä¸‹ï¼š
  dept_id  | male_count  | female_count
    A           2               1
    B           1               2
 */

CREATE TABLE emp_sex
(
    name    string,
    dept_id string,
    sex     string
)
    ROW FORMAT DELIMITED FIELDS TERMINATED BY "\t";

SELECT dept_id,
       sum(CASE sex WHEN 'ç”·' THEN 1 ELSE 0 END) male_count,
       sum(CASE sex WHEN 'å¥³' THEN 1 ELSE 0 END) female_count
FROM emp_sex
GROUP BY dept_id;
/*
+----------+-------------+---------------+--+
| dept_id  | male_count  | female_count  |
+----------+-------------+---------------+--+
| A        | 2           | 1             |
| B        | 1           | 2             |
+----------+-------------+---------------+--+
*/

-- è¡Œè½¬åˆ—
/*
 ç›¸å…³å‡½æ•°ï¼š
    CONCAT(string A/col, string B/colâ€¦)ï¼šè¿”å›è¾“å…¥å­—ç¬¦ä¸²è¿æ¥åçš„ç»“æœï¼Œæ”¯æŒä»»æ„ä¸ªè¾“å…¥å­—ç¬¦
    CONCAT_WS(separator, [string | array(string)]+)ï¼šè¿”å›ç”±åˆ†éš”ç¬¦åˆ†éš”çš„å­—ç¬¦ä¸²çš„è¿æ¥
    COLLECT_SET(col)ï¼šè¿”å›ä¸€ç»„æ¶ˆé™¤äº†é‡å¤å…ƒç´ çš„å¯¹è±¡
 */
-- æŠŠæ˜Ÿåº§å’Œè¡€å‹ä¸€æ ·çš„äººå½’ç±»åˆ°ä¸€èµ·
/*
 è¡Œè½¬åˆ—
 åˆ—:
    +-------------------+----------------------------+-------------------------+--+
    | person_info.name  | person_info.constellation  | person_info.blood_type  |
    +-------------------+----------------------------+-------------------------+--+
    | å­™æ‚Ÿç©º             | ç™½ç¾Šåº§                     | A                       |
    | å¤§æµ·               | å°„æ‰‹åº§                     | A                       |
    | å®‹å®‹               | ç™½ç¾Šåº§                     | B                       |
    | çŒªå…«æˆ’             | ç™½ç¾Šåº§                     | A                       |
    | å‡¤å§               | å°„æ‰‹åº§                     | A                       |
    +-------------------+----------------------------+-------------------------+--+
è¡Œ:
    å°„æ‰‹åº§,A å¤§æµ·|å‡¤å§
    ç™½ç¾Šåº§,A å­™æ‚Ÿç©º|çŒªå…«æˆ’
    ç™½ç¾Šåº§,B å®‹å®‹
 */

CREATE TABLE person_info
(
    name          string,
    constellation string,
    blood_type    string
)
    ROW FORMAT DELIMITED FIELDS TERMINATED BY "\t";

-- ä»ç»“æœ"å¤§æµ·|å‡¤å§" => éœ€è¦å°†å¤šä¸ªå­—æ®µç”¨æŒ‡å®šç¬¦å·è¿æ¥,å‡½æ•°concat_ws(separator, fields)
-- ä»æ•´ä½“ç»“æœ"å°„æ‰‹åº§,A å¤§æµ·|å‡¤å§" => è¿˜éœ€å°†å‰åŠæ®µ"å°„æ‰‹åº§"å’ŒååŠæ®µ"å¤§æµ·|å‡¤å§"æ‹¼æ¥,å‡½æ•° CONCAT(string A/col, string B/colâ€¦)

-- 1. å°†æ˜Ÿåº§å’Œè¡€å‹æ‹¼æ¥
SELECT name, concat(constellation, ",", blood_type) base
FROM person_info;
/*
+-------+--------+--+
| name  |  base  |
+-------+--------+--+
| å­™æ‚Ÿç©º | ç™½ç¾Šåº§,A  |
| å¤§æµ·   | å°„æ‰‹åº§,A  |
| å®‹å®‹   | ç™½ç¾Šåº§,B  |
| çŒªå…«æˆ’ | ç™½ç¾Šåº§,A  |
| å‡¤å§   | å°„æ‰‹åº§,A  |
+-------+--------+--+
*/

-- 2. åˆ—è½¬è¡Œ
SELECT t1.base, concat_ws('|', collect_set(t1.name)) name
FROM (SELECT name, concat(constellation, ",", blood_type) base
      FROM person_info) t1
GROUP BY t1.base;
/*
+-----------+----------+-----+
| t1.base   |   name         |
+-----------+----------+-----+
| å°„æ‰‹åº§,A   | å¤§æµ·|å‡¤å§      |
| ç™½ç¾Šåº§,A   | å­™æ‚Ÿç©º|çŒªå…«æˆ’   |
| ç™½ç¾Šåº§,B   | å®‹å®‹           |
+----------+----------+------+
*/
-- collect_list/setå†è¯†
/*
+-------------------------+---------------------------+--------------------+--+
| t_visit_video.username  | t_visit_video.video_name  | t_visit_video.day  |
+-------------------------+---------------------------+--------------------+--+
| å¼ ä¸‰                    | å¤§å”åŒé¾™ä¼                  | 2019-07-10         |
| æå››                    | å¤©ä¸‹æ— è´¼                   | 2019-07-10         |
| å¼ ä¸‰                    | ç¥æ¢ç‹„ä»æ°                 | 2019-07-10         |
| æå››                    | éœ¸ç‹åˆ«å§¬                   | 2019-07-10         |
| æå››                    | éœ¸ç‹åˆ«å§¬                   | 2019-07-10         |
| ç‹äº”                    | æœºå™¨äººæ€»åŠ¨å‘˜               | 2019-07-10         |
| ç‹äº”                    | æ”¾ç‰›ç­çš„æ˜¥å¤©               | 2019-07-10         |
| ç‹äº”                    | ç›—æ¢¦ç©ºé—´                   | 2019-07-10         |
+-------------------------+---------------------------+--------------------+--+
*/
-- åˆ—è½¬è¡Œ
SELECT collect_list(video_name) movie
FROM t_visit_video;
/*
+-------------------------------------------------------------------------------------------------+--+
|                              movie                                                              |
+-------------------------------------------------------------------------------------------------+--+
| ["å¤§å”åŒé¾™ä¼ ","å¤©ä¸‹æ— è´¼","ç¥æ¢ç‹„ä»æ°","éœ¸ç‹åˆ«å§¬","éœ¸ç‹åˆ«å§¬","æœºå™¨äººæ€»åŠ¨å‘˜","æ”¾ç‰›ç­çš„æ˜¥å¤©","ç›—æ¢¦ç©ºé—´"]  |
+-------------------------------------------------------------------------------------------------+--+
*/
-- collet_list
-- æŒ‰ç”¨æˆ·åˆ†ç»„ï¼Œå–å‡ºæ¯ä¸ªç”¨æˆ·æ¯å¤©çœ‹è¿‡çš„æ‰€æœ‰è§†é¢‘çš„åå­—ï¼š
SELECT username, collect_list(video_name) movie
FROM t_visit_video
GROUP BY username;
/*
+-----------+-----------------------------+--+
| username  |            movie            |
+-----------+-----------------------------+--+
| å¼ ä¸‰      | ["å¤§å”åŒé¾™ä¼ ","ç¥æ¢ç‹„ä»æ°"]           |
| æå››      | ["å¤©ä¸‹æ— è´¼","éœ¸ç‹åˆ«å§¬","éœ¸ç‹åˆ«å§¬"]      |
| ç‹äº”      | ["æœºå™¨äººæ€»åŠ¨å‘˜","æ”¾ç‰›ç­çš„æ˜¥å¤©","ç›—æ¢¦ç©ºé—´"]  |
+-----------+-----------------------------+--+
*/
-- collect_set
SELECT username, collect_set(video_name) movie
FROM t_visit_video
GROUP BY username;
/*
+-----------+-----------------------------+--+
| username  |            movie            |
+-----------+-----------------------------+--+
| å¼ ä¸‰      | ["å¤§å”åŒé¾™ä¼ ","ç¥æ¢ç‹„ä»æ°"]           |
| æå››      | ["å¤©ä¸‹æ— è´¼","éœ¸ç‹åˆ«å§¬"]             |
| ç‹äº”      | ["æœºå™¨äººæ€»åŠ¨å‘˜","æ”¾ç‰›ç­çš„æ˜¥å¤©","ç›—æ¢¦ç©ºé—´"]  |
+-----------+-----------------------------+--+
*/
-- çªç ´group byé™åˆ¶
/*
 Hiveä¸­åœ¨group byæŸ¥è¯¢çš„æ—¶å€™è¦æ±‚å‡ºç°åœ¨selectåé¢çš„åˆ—éƒ½å¿…é¡»æ˜¯å‡ºç°åœ¨group byåé¢çš„ï¼Œ
 å³selectåˆ—å¿…é¡»æ˜¯ä½œä¸ºåˆ†ç»„ä¾æ®çš„åˆ—ï¼Œä½†æ˜¯æœ‰çš„æ—¶å€™æˆ‘ä»¬æƒ³æ ¹æ®Aè¿›è¡Œåˆ†ç»„ç„¶åéšä¾¿å–å‡ºæ¯ä¸ªåˆ†ç»„ä¸­çš„ä¸€ä¸ªBï¼Œ
 */
SELECT username /*A*/, collect_list(video_name)[0] movie/*B*/
FROM t_visit_video
GROUP BY username;
/*
+-----------+---------+--+
| username  |   movie   |
+-----------+---------+--+
| å¼ ä¸‰      | å¤§å”åŒé¾™ä¼    |
| æå››      | å¤©ä¸‹æ— è´¼    |
| ç‹äº”      | æœºå™¨äººæ€»åŠ¨å‘˜  |
+-----------+---------+--+
*/


-- è¡Œè½¬åˆ—
/*EXPLODE(col):å°†hiveä¸€åˆ—ä¸­å¤æ‚çš„arrayæˆ–è€…mapç»“æ„æ‹†åˆ†æˆå¤šè¡Œã€‚
explode() takes in an array (or a map) as an input and outputs the elements of the array (map) as separate rows.
UDTFs can be used in the SELECT expression list and as a part of LATERAL VIEW.
 */
-- LATERAL VIEW ï¼›lateral viewä¸explodeç­‰udtfå°±æ˜¯å¤©ç”Ÿå¥½æ­æ¡£ï¼Œexplodeå°†å¤æ‚ç»“æ„ä¸€è¡Œæ‹†æˆå¤šè¡Œï¼Œç„¶åå†ç”¨lateral viewåšå„ç§èšåˆã€‚
-- åˆ›å»ºmovieè¡¨
CREATE TABLE movie_info
(
    movie    string,
    category array<string>
)
    ROW FORMAT DELIMITED FIELDS TERMINATED BY "\t"
--         row format delimited fields terminated by "\t"  ==> æŒ‡å®šåˆ—åˆ†éš”ç¬¦
        COLLECTION ITEMS TERMINATED BY ",";
--          collection items terminated by ","             ==> æŒ‡å®šmap Stract å’Œ array åˆ†éš”ç¬¦

SELECT *
FROM movie_info;
/*
+-------------------+------------------------------------+--+
| movie_info.movie  |     movie_info.category            |
+-------------------+------------------------------------+--+
| ã€Šç–‘çŠ¯è¿½è¸ªã€‹       | ["æ‚¬ç–‘","åŠ¨ä½œ","ç§‘å¹»","å‰§æƒ…"]       |
| ã€ŠLie to meã€‹     | ["æ‚¬ç–‘","è­¦åŒª","åŠ¨ä½œ","å¿ƒç†","å‰§æƒ…"] |
| ã€Šæˆ˜ç‹¼2ã€‹          | ["æˆ˜äº‰","åŠ¨ä½œ","ç¾éš¾"]             |
+-------------------+-----------------------------------+--+
*/

-- è¡Œè½¬åˆ—ï¼Œç‚¸å¼€explode
SELECT movie, category_name
FROM movie_info LATERAL VIEW explode(category) table_tmp AS category_name;
/*
+--------------+----------------+--+
|    movie     | category_name  |
+--------------+----------------+--+
| ã€Šç–‘çŠ¯è¿½è¸ªã€‹  | æ‚¬ç–‘             |
| ã€Šç–‘çŠ¯è¿½è¸ªã€‹  | åŠ¨ä½œ             |
| ã€Šç–‘çŠ¯è¿½è¸ªã€‹  | ç§‘å¹»             |
| ã€Šç–‘çŠ¯è¿½è¸ªã€‹  | å‰§æƒ…             |
| ã€ŠLie to meã€‹| æ‚¬ç–‘             |
| ã€ŠLie to meã€‹| è­¦åŒª             |
| ã€ŠLie to meã€‹| åŠ¨ä½œ             |
| ã€ŠLie to meã€‹| å¿ƒç†             |
| ã€ŠLie to meã€‹| å‰§æƒ…             |
| ã€Šæˆ˜ç‹¼2ã€‹     | æˆ˜äº‰             |
| ã€Šæˆ˜ç‹¼2ã€‹     | åŠ¨ä½œ             |
| ã€Šæˆ˜ç‹¼2ã€‹     | ç¾éš¾             |
+--------------+----------------+--+
*/
SELECT category_name, concat_ws('|', collect_list(movie)) movie
FROM movie_info LATERAL VIEW explode(category) table_tmp AS category_name
GROUP BY category_name;
/*
+----------------+-------------------------------------+--+
| category_name  |            movie                    |
+----------------+-------------------------------------+--+
| å‰§æƒ…           | ã€Šç–‘çŠ¯è¿½è¸ªã€‹|ã€ŠLie to meã€‹            |
| åŠ¨ä½œ           | ã€Šç–‘çŠ¯è¿½è¸ªã€‹|ã€ŠLie to meã€‹|ã€Šæˆ˜ç‹¼2ã€‹   |
| å¿ƒç†           | ã€ŠLie to meã€‹                        |
| æ‚¬ç–‘           | ã€Šç–‘çŠ¯è¿½è¸ªã€‹|ã€ŠLie to meã€‹            |
| æˆ˜äº‰           | ã€Šæˆ˜ç‹¼2ã€‹                            |
| ç¾éš¾           | ã€Šæˆ˜ç‹¼2ã€‹                            |
| ç§‘å¹»           | ã€Šç–‘çŠ¯è¿½è¸ªã€‹                         |
| è­¦åŒª           | ã€ŠLie to meã€‹                       |
+----------------+-------------------------------------+--+
*/

-- çª—å£å‡½æ•°ï¼ˆç»™èšåˆå‡½æ•°å¼€çª—ï¼‰

-- åœ¨order byå’Œlimit ä¹‹å‰æ‰§è¡Œ
/*
 1. OVER(partition by cli_name)ï¼šå’Œèšåˆå‡½æ•°ä½¿ç”¨ï¼Œå®ç°åˆ†ç»„èšåˆ
 2. CURRENT ROWï¼šå½“å‰è¡Œ
 3. n PRECEDINGï¼šå¾€å‰nè¡Œæ•°æ®
 4. n FOLLOWINGï¼šå¾€ånè¡Œæ•°æ®
 5. UNBOUNDEDï¼šèµ·ç‚¹ï¼ŒUNBOUNDED PRECEDING è¡¨ç¤ºä»å‰é¢çš„èµ·ç‚¹ï¼ŒUNBOUNDED FOLLOWINGè¡¨ç¤ºåˆ°åé¢çš„ç»ˆç‚¹
 6. LAG(col,n,default_val)ï¼šå¾€å‰ç¬¬nè¡Œæ•°æ®
 7. LEAD(col,n, default_val)ï¼šå¾€åç¬¬nè¡Œæ•°æ®
 8. NTILE(n)ï¼šæŠŠæœ‰åºåˆ†åŒºä¸­çš„è¡Œåˆ†å‘åˆ°æŒ‡å®šæ•°æ®çš„ç»„ä¸­ï¼Œå„ä¸ªç»„æœ‰ç¼–å·ï¼Œç¼–å·ä»1å¼€å§‹ï¼Œå¯¹äºæ¯ä¸€è¡Œï¼ŒNTILEè¿”å›æ­¤è¡Œæ‰€å±çš„ç»„çš„ç¼–å·ã€‚æ³¨æ„ï¼šnå¿…é¡»ä¸ºintç±»å‹
 */

/*
 éœ€æ±‚
ï¼ˆ1ï¼‰æŸ¥è¯¢åœ¨2017å¹´4æœˆä»½è´­ä¹°è¿‡çš„é¡¾å®¢åŠæ€»äººæ•°
ï¼ˆ2ï¼‰æŸ¥è¯¢é¡¾å®¢çš„è´­ä¹°æ˜ç»†åŠæœˆè´­ä¹°æ€»é¢
ï¼ˆ3ï¼‰ä¸Šè¿°çš„åœºæ™¯, å°†æ¯ä¸ªé¡¾å®¢çš„costæŒ‰ç…§æ—¥æœŸè¿›è¡Œç´¯åŠ 
ï¼ˆ4ï¼‰æŸ¥è¯¢æ¯ä¸ªé¡¾å®¢ä¸Šæ¬¡çš„è´­ä¹°æ—¶é—´
ï¼ˆ5ï¼‰æŸ¥è¯¢å‰20%æ—¶é—´çš„è®¢å•ä¿¡æ¯
 */

-- å»ºè¡¨
CREATE TABLE business
(
    name      string COMMENT 'å§“å',
    orderdate string COMMENT 'è´­ä¹°æ—¥æœŸ',
    cost      int COMMENT 'èŠ±è´¹é‡‘é¢'
) ROW FORMAT DELIMITED FIELDS TERMINATED BY ',';
/*
+----------------+---------------------+----------------+--+
| business.name  | business.orderdate  | business.cost  |
+----------------+---------------------+----------------+--+
| jack           | 2017-01-01          | 10             |
| tony           | 2017-01-02          | 15             |
| jack           | 2017-02-03          | 23             |
| tony           | 2017-01-04          | 29             |
| jack           | 2017-01-05          | 46             |
| jack           | 2017-04-06          | 42             |
| tony           | 2017-01-07          | 50             |
| jack           | 2017-01-08          | 55             |
| mart           | 2017-04-08          | 62             |
| mart           | 2017-04-09          | 68             |
| neil           | 2017-05-10          | 12             |
| mart           | 2017-04-11          | 75             |
| neil           | 2017-06-12          | 80             |
| mart           | 2017-04-13          | 94             |
+----------------+---------------------+----------------+--+
*/
-- ï¼ˆ1ï¼‰æŸ¥è¯¢åœ¨2017å¹´4æœˆä»½è´­ä¹°è¿‡çš„é¡¾å®¢åŠæ€»äººæ•°
SELECT name, count(*) OVER ()
FROM business
WHERE substring(orderdate, 1, 7) = '2017-04'
GROUP BY name;
/*
+-------+-----------------+--+
| name  | count_window_0  |
+-------+-----------------+--+
| mart  | 2               |
| jack  | 2               |
+-------+-----------------+--+
*/

SELECT date_format(orderdate, 'yyyy-MM') order_date, name, count(*) OVER () order_count
FROM business
WHERE date_format(orderdate, 'yyyy-MM') = '2017-04'
GROUP BY name, date_format(orderdate, 'yyyy-MM');
/*
+-------------+-------+--------------+--+
| order_date  | name  | order_count  |
+-------------+-------+--------------+--+
| 2017-04     | jack  | 2            |
| 2017-04     | mart  | 2            |
+-------------+-------+--------------+--+
*/
-- ï¼ˆ2ï¼‰æŸ¥è¯¢é¡¾å®¢çš„è´­ä¹°æ˜ç»†åŠæœˆè´­ä¹°æ€»é¢
SELECT name, orderdate, cost, sum(cost) OVER (PARTITION BY month(orderdate))
FROM business;
/*
+-------+-------------+-------+---------------+--+
| name  |  orderdate  | cost  | sum_window_0  |
+-------+-------------+-------+---------------+--+
| jack  | 2017-01-01  | 10    | 205           |
| jack  | 2017-01-08  | 55    | 205           |
| tony  | 2017-01-07  | 50    | 205           |
| jack  | 2017-01-05  | 46    | 205           |
| tony  | 2017-01-04  | 29    | 205           |
| tony  | 2017-01-02  | 15    | 205           |
| jack  | 2017-02-03  | 23    | 23            |
| mart  | 2017-04-13  | 94    | 341           |
| jack  | 2017-04-06  | 42    | 341           |
| mart  | 2017-04-11  | 75    | 341           |
| mart  | 2017-04-09  | 68    | 341           |
| mart  | 2017-04-08  | 62    | 341           |
| neil  | 2017-05-10  | 12    | 12            |
| neil  | 2017-06-12  | 80    | 80            |
+-------+-------------+-------+---------------+--+
*/

-- 3ï¼‰ä¸Šè¿°çš„åœºæ™¯, å°†æ¯ä¸ªé¡¾å®¢çš„costæŒ‰ç…§æ—¥æœŸè¿›è¡Œç´¯åŠ 
/*
 over() çš„ä½¿ç”¨
 */
SELECT name,
       orderdate,
       cost,
       sum(cost) OVER () AS sample1,--æ‰€æœ‰è¡Œç›¸åŠ 
       sum(cost) OVER (PARTITION BY name) AS sample2,--æŒ‰nameåˆ†ç»„ï¼Œç»„å†…æ•°æ®ç›¸åŠ 
       sum(cost) OVER (PARTITION BY name ORDER BY orderdate) AS sample3,--æŒ‰nameåˆ†ç»„ï¼Œç»„å†…æ•°æ®ç´¯åŠ 
       sum(cost)
           OVER (PARTITION BY name ORDER BY orderdate ROWS BETWEEN UNBOUNDED PRECEDING AND CURRENT ROW ) AS sample4,--å’Œsample3ä¸€æ ·,ç”±èµ·ç‚¹åˆ°å½“å‰è¡Œçš„èšåˆ
       sum(cost)
           OVER (PARTITION BY name ORDER BY orderdate ROWS BETWEEN 1 PRECEDING AND CURRENT ROW) AS sample5, --å½“å‰è¡Œå’Œå‰é¢ä¸€è¡Œåšèšåˆ
       sum(cost) OVER (PARTITION BY name ORDER BY orderdate ROWS BETWEEN 1 PRECEDING AND 1 FOLLOWING ) AS sample6,--å½“å‰è¡Œå’Œå‰è¾¹ä¸€è¡ŒåŠåé¢ä¸€è¡Œ
       sum(cost)
           OVER (PARTITION BY name ORDER BY orderdate ROWS BETWEEN CURRENT ROW AND UNBOUNDED FOLLOWING ) AS sample7 --å½“å‰è¡ŒåŠåé¢æ‰€æœ‰è¡Œ
FROM business;
-- sample1 æ‰€æœ‰è¡Œç›¸åŠ 
SELECT name,
       orderdate,
       cost,
       sum(cost) OVER () AS sample1
FROM business;
/*
+-------+-------------+-------+----------+--+
| name  |  orderdate  | cost  | sample1  |
+-------+-------------+-------+----------+--+
| jack  | 2017-01-01  | 10    | 661      |
| tony  | 2017-01-02  | 15    | 661      |
| jack  | 2017-02-03  | 23    | 661      |
| tony  | 2017-01-04  | 29    | 661      |
| jack  | 2017-01-05  | 46    | 661      |
| jack  | 2017-04-06  | 42    | 661      |
| tony  | 2017-01-07  | 50    | 661      |
| jack  | 2017-01-08  | 55    | 661      |
| mart  | 2017-04-08  | 62    | 661      |
| mart  | 2017-04-09  | 68    | 661      |
| neil  | 2017-05-10  | 12    | 661      |
| mart  | 2017-04-11  | 75    | 661      |
| neil  | 2017-06-12  | 80    | 661      |
| mart  | 2017-04-13  | 94    | 661      |
+-------+-------------+-------+----------+--+
14 rows selected (16.314 seconds)
*/
-- sample2 æŒ‰ç…§nameåˆ†ç»„ï¼Œç»„å†…æ•°æ®ç›¸åŠ 
SELECT name,
       orderdate,
       cost,
       sum(cost) OVER () AS sample1,
       sum(cost) OVER (PARTITION BY name) AS sample2
FROM business;
/*
+-------+-------------+-------+----------+----------+--+
| name  |  orderdate  | cost  | sample1  | sample2  |
+-------+-------------+-------+----------+----------+--+
| jack  | 2017-01-01  | 10    | 661      | 176      |
| jack  | 2017-02-03  | 23    | 661      | 176      |
| jack  | 2017-01-05  | 46    | 661      | 176      |
| jack  | 2017-04-06  | 42    | 661      | 176      |
| jack  | 2017-01-08  | 55    | 661      | 176      |
| mart  | 2017-04-13  | 94    | 661      | 299      |
| mart  | 2017-04-08  | 62    | 661      | 299      |
| mart  | 2017-04-09  | 68    | 661      | 299      |
| mart  | 2017-04-11  | 75    | 661      | 299      |
| neil  | 2017-06-12  | 80    | 661      | 92       |
| neil  | 2017-05-10  | 12    | 661      | 92       |
| tony  | 2017-01-07  | 50    | 661      | 94       |
| tony  | 2017-01-02  | 15    | 661      | 94       |
| tony  | 2017-01-04  | 29    | 661      | 94       |
+-------+-------------+-------+----------+----------+--+
14 rows selected (8.504 seconds)
*/
-- sample3 æŒ‰ç…§nameåˆ†ç»„ï¼ŒæŒ‰ç…§æ—¥æœŸå‡åºç»„å†…æ•°æ®ç´¯åŠ 
SELECT name,
       orderdate,
       cost,
       sum(cost) OVER () AS sample1,
       sum(cost) OVER (PARTITION BY name) AS sample2,
       sum(cost) OVER (PARTITION BY name ORDER BY orderdate) AS sample3
FROM business;
/*
+-------+-------------+-------+----------+----------+----------+--+
| name  |  orderdate  | cost  | sample1  | sample2  | sample3  |
+-------+-------------+-------+----------+----------+----------+--+
| jack  | 2017-01-01  | 10    | 661      | 176      | 10       |
| jack  | 2017-01-05  | 46    | 661      | 176      | 56       |
| jack  | 2017-01-08  | 55    | 661      | 176      | 111      |
| jack  | 2017-02-03  | 23    | 661      | 176      | 134      |
| jack  | 2017-04-06  | 42    | 661      | 176      | 176      |
| mart  | 2017-04-08  | 62    | 661      | 299      | 62       |
| mart  | 2017-04-09  | 68    | 661      | 299      | 130      |
| mart  | 2017-04-11  | 75    | 661      | 299      | 205      |
| mart  | 2017-04-13  | 94    | 661      | 299      | 299      |
| neil  | 2017-05-10  | 12    | 661      | 92       | 12       |
| neil  | 2017-06-12  | 80    | 661      | 92       | 92       |
| tony  | 2017-01-02  | 15    | 661      | 94       | 15       |
| tony  | 2017-01-04  | 29    | 661      | 94       | 44       |
| tony  | 2017-01-07  | 50    | 661      | 94       | 94       |
+-------+-------------+-------+----------+----------+----------+--+
14 rows selected (8.773 seconds)
*/
-- sample4 æŒ‰ç…§nameåˆ†ç»„ï¼Œç»„å†…æ•°æ®ç”±èµ·ç‚¹å¤„åˆ°å½“å‰è¡Œèšåˆé€è¡Œç´¯åŠ 
SELECT name,
       orderdate,
       cost,
       sum(cost) OVER () AS sample1,
       sum(cost) OVER (PARTITION BY name) AS sample2,
       sum(cost) OVER (PARTITION BY name ORDER BY orderdate) AS sample3,
       sum(cost)
           OVER (PARTITION BY name ORDER BY orderdate ROWS BETWEEN UNBOUNDED PRECEDING AND CURRENT ROW) AS sample4
FROM business;
/*
+-------+-------------+-------+----------+----------+----------+----------+--+
| name  |  orderdate  | cost  | sample1  | sample2  | sample3  | sample4  |
+-------+-------------+-------+----------+----------+----------+----------+--+
| jack  | 2017-01-01  | 10    | 661      | 176      | 10       | 10       |
| jack  | 2017-01-05  | 46    | 661      | 176      | 56       | 56       |
| jack  | 2017-01-08  | 55    | 661      | 176      | 111      | 111      |
| jack  | 2017-02-03  | 23    | 661      | 176      | 134      | 134      |
| jack  | 2017-04-06  | 42    | 661      | 176      | 176      | 176      |
| mart  | 2017-04-08  | 62    | 661      | 299      | 62       | 62       |
| mart  | 2017-04-09  | 68    | 661      | 299      | 130      | 130      |
| mart  | 2017-04-11  | 75    | 661      | 299      | 205      | 205      |
| mart  | 2017-04-13  | 94    | 661      | 299      | 299      | 299      |
| neil  | 2017-05-10  | 12    | 661      | 92       | 12       | 12       |
| neil  | 2017-06-12  | 80    | 661      | 92       | 92       | 92       |
| tony  | 2017-01-02  | 15    | 661      | 94       | 15       | 15       |
| tony  | 2017-01-04  | 29    | 661      | 94       | 44       | 44       |
| tony  | 2017-01-07  | 50    | 661      | 94       | 94       | 94       |
+-------+-------------+-------+----------+----------+----------+----------+--+
*/
-- sample5 å½“å‰è¡Œå’Œå½“å‰è¡Œå‰é¢ä¸€è¡Œç´¯åŠ ï¼ˆä¸¤è¡Œç´¯åŠ ï¼‰
SELECT name,
       orderdate,
       cost,
       sum(cost)
           OVER (PARTITION BY name ORDER BY orderdate ROWS BETWEEN UNBOUNDED PRECEDING AND CURRENT ROW) AS sample4,
       sum(cost)
           OVER (PARTITION BY name ORDER BY orderdate ROWS BETWEEN 1 PRECEDING AND CURRENT ROW) AS sample5
FROM business;
/*
+-------+-------------+-------+----------+----------+--+
| name  |  orderdate  | cost  | sample4  | sample5  |
+-------+-------------+-------+----------+----------+--+
| jack  | 2017-01-01  | 10    | 10       | 10       |
| jack  | 2017-01-05  | 46    | 56       | 56       |
| jack  | 2017-01-08  | 55    | 111      | 101      |
| jack  | 2017-02-03  | 23    | 134      | 78       |
| jack  | 2017-04-06  | 42    | 176      | 65       |
| mart  | 2017-04-08  | 62    | 62       | 62       |
| mart  | 2017-04-09  | 68    | 130      | 130      |
| mart  | 2017-04-11  | 75    | 205      | 143      |
| mart  | 2017-04-13  | 94    | 299      | 169      |
| neil  | 2017-05-10  | 12    | 12       | 12       |
| neil  | 2017-06-12  | 80    | 92       | 92       |
| tony  | 2017-01-02  | 15    | 15       | 15       |
| tony  | 2017-01-04  | 29    | 44       | 44       |
| tony  | 2017-01-07  | 50    | 94       | 79       |
+-------+-------------+-------+----------+----------+--+
*/
-- sample6 å½“å‰è¡Œå’Œå‰è¾¹ä¸€è¡ŒåŠåè¾¹ä¸€è¡Œç´¯åŠ ï¼ˆä¸‰è¡Œç´¯åŠ ï¼‰
SELECT name,
       orderdate,
       cost,
       sum(cost)
           OVER (PARTITION BY name ORDER BY orderdate ROWS BETWEEN 1 PRECEDING AND CURRENT ROW) AS sample5,
       sum(cost) OVER (PARTITION BY name ORDER BY orderdate ROWS BETWEEN 1 PRECEDING AND 1 FOLLOWING ) AS sample6
FROM business;
/*
+-------+-------------+-------+----------+----------+--+
| name  |  orderdate  | cost  | sample5  | sample6  |
+-------+-------------+-------+----------+----------+--+
| jack  | 2017-01-01  | 10    | 10       | 56       |
| jack  | 2017-01-05  | 46    | 56       | 111      |
| jack  | 2017-01-08  | 55    | 101      | 124      |
| jack  | 2017-02-03  | 23    | 78       | 120      |
| jack  | 2017-04-06  | 42    | 65       | 65       |
| mart  | 2017-04-08  | 62    | 62       | 130      |
| mart  | 2017-04-09  | 68    | 130      | 205      |
| mart  | 2017-04-11  | 75    | 143      | 237      |
| mart  | 2017-04-13  | 94    | 169      | 169      |
| neil  | 2017-05-10  | 12    | 12       | 92       |
| neil  | 2017-06-12  | 80    | 92       | 92       |
| tony  | 2017-01-02  | 15    | 15       | 44       |
| tony  | 2017-01-04  | 29    | 44       | 94       |
| tony  | 2017-01-07  | 50    | 79       | 79       |
+-------+-------------+-------+----------+----------+--+
*/
-- sample7 å½“å‰è¡ŒåŠåé¢ç»„å†…æ‰€æœ‰è¡Œç´¯åŠ 
SELECT name,
       orderdate,
       cost,
       sum(cost)
           OVER (PARTITION BY name ORDER BY orderdate ROWS BETWEEN 1 PRECEDING AND CURRENT ROW) AS sample5,
       sum(cost) OVER (PARTITION BY name ORDER BY orderdate ROWS BETWEEN 1 PRECEDING AND 1 FOLLOWING ) AS sample6,
       sum(cost)
           OVER (PARTITION BY name ORDER BY orderdate ROWS BETWEEN CURRENT ROW AND UNBOUNDED FOLLOWING ) AS sample7
FROM business;
/*
+-------+-------------+-------+----------+----------+----------+--+
| name  |  orderdate  | cost  | sample5  | sample6  | sample7  |
+-------+-------------+-------+----------+----------+----------+--+
| jack  | 2017-01-01  | 10    | 10       | 56       | 176      |
| jack  | 2017-01-05  | 46    | 56       | 111      | 166      |
| jack  | 2017-01-08  | 55    | 101      | 124      | 120      |
| jack  | 2017-02-03  | 23    | 78       | 120      | 65       |
| jack  | 2017-04-06  | 42    | 65       | 65       | 42       |
| mart  | 2017-04-08  | 62    | 62       | 130      | 299      |
| mart  | 2017-04-09  | 68    | 130      | 205      | 237      |
| mart  | 2017-04-11  | 75    | 143      | 237      | 169      |
| mart  | 2017-04-13  | 94    | 169      | 169      | 94       |
| neil  | 2017-05-10  | 12    | 12       | 92       | 92       |
| neil  | 2017-06-12  | 80    | 92       | 92       | 80       |
| tony  | 2017-01-02  | 15    | 15       | 44       | 94       |
| tony  | 2017-01-04  | 29    | 44       | 94       | 79       |
| tony  | 2017-01-07  | 50    | 79       | 79       | 50       |
+-------+-------------+-------+----------+----------+----------+--+
*/

-- ï¼ˆ4ï¼‰æŸ¥è¯¢æ¯ä¸ªé¡¾å®¢ä¸Šæ¬¡çš„è´­ä¹°æ—¶é—´
/*
 log(col, num,default)å¾€å‰numè¡Œçš„æ•°æ®ï¼Œä¸å­˜åœ¨æ—¶é»˜è®¤ä¸ºdefaultï¼Œä¸è®¾ç½®é»˜è®¤å€¼ï¼Œä¸å­˜åœ¨æ—¶ç”¨nullè¡¥é½
 */
SELECT name,
       orderdate,
       cost,
       lag(orderdate, 1, 'æœªè´­ä¹°è¿‡') OVER (PARTITION BY name ORDER BY orderdate ) AS time1,
       lag(orderdate, 2) OVER (PARTITION BY name ORDER BY orderdate) AS time2
FROM business;
/*
+-------+-------------+-------+-------------+-------------+--+
| name  |  orderdate  | cost  |    time1    |    time2    |
+-------+-------------+-------+-------------+-------------+--+
| jack  | 2017-01-01  | 10    | 1900-01-01  | NULL        |
| jack  | 2017-01-05  | 46    | 2017-01-01  | NULL        |
| jack  | 2017-01-08  | 55    | 2017-01-05  | 2017-01-01  |
| jack  | 2017-02-03  | 23    | 2017-01-08  | 2017-01-05  |
| jack  | 2017-04-06  | 42    | 2017-02-03  | 2017-01-08  |
| mart  | 2017-04-08  | 62    | 1900-01-01  | NULL        |
| mart  | 2017-04-09  | 68    | 2017-04-08  | NULL        |
| mart  | 2017-04-11  | 75    | 2017-04-09  | 2017-04-08  |
| mart  | 2017-04-13  | 94    | 2017-04-11  | 2017-04-09  |
| neil  | 2017-05-10  | 12    | 1900-01-01  | NULL        |
| neil  | 2017-06-12  | 80    | 2017-05-10  | NULL        |
| tony  | 2017-01-02  | 15    | 1900-01-01  | NULL        |
| tony  | 2017-01-04  | 29    | 2017-01-02  | NULL        |
| tony  | 2017-01-07  | 50    | 2017-01-04  | 2017-01-02  |
+-------+-------------+-------+-------------+-------------+--+
14 rows selected (17.271 seconds)
*/

-- ï¼ˆ5ï¼‰æŸ¥è¯¢å‰20%æ—¶é—´çš„è®¢å•ä¿¡æ¯
/*
 NTILE(n)ï¼šæŠŠæœ‰åºåˆ†åŒºä¸­çš„è¡Œåˆ†å‘åˆ°æŒ‡å®šæ•°æ®çš„ç»„ä¸­ï¼Œå„ä¸ªç»„æœ‰ç¼–å·ï¼Œç¼–å·ä»1å¼€å§‹ï¼Œå¯¹äºæ¯ä¸€è¡Œï¼ŒNTILEè¿”å›æ­¤è¡Œæ‰€å±çš„ç»„çš„ç¼–å·ã€‚æ³¨æ„ï¼šnå¿…é¡»ä¸ºintç±»å‹
 ntile(n)å’Œwhere sorter = m æ„æˆ n/mï¼Œå¦‚ï¼šntileï¼ˆ2ï¼‰å’Œwhere sorted = 1 æ„æˆæ˜¾ç¤ºæ‰€æœ‰åˆ—çš„1/2
 20% = 1/5 ==> ntile(5),where sorted = 1
 */
SELECT *
FROM (
         SELECT name, orderdate, cost, ntile(5) OVER (ORDER BY orderdate) sorted
         FROM business
     ) t
WHERE sorted = 1;
/*
+---------+--------------+---------+-----------+--+
| t.name  | t.orderdate  | t.cost  | t.sorted  |
+---------+--------------+---------+-----------+--+
| jack    | 2017-01-01   | 10      | 1         |
| tony    | 2017-01-02   | 15      | 1         |
| tony    | 2017-01-04   | 29      | 1         |
+---------+--------------+---------+-----------+--+
3 rows selected (8.716 seconds)
*/

-- rankå‡½æ•°
/*
 å‡½æ•°è¯´æ˜ï¼š
 RANK() æ’åºç›¸åŒæ—¶ä¼šé‡å¤ï¼Œæ€»æ•°ä¸ä¼šå˜
 DENSE_RANK() æ’åºç›¸åŒæ—¶ä¼šé‡å¤ï¼Œæ€»æ•°ä¼šå‡å°‘
 ROW_NUMBER() ä¼šæ ¹æ®é¡ºåºè®¡ç®—
 */
-- å»ºè¡¨ï¼ŒåŠ è½½æ•°æ®
CREATE TABLE score
(
    name    string COMMENT 'å§“å',
    subject string COMMENT 'å­¦ç§‘',
    score   int COMMENT 'åˆ†æ•°'
)
    ROW FORMAT DELIMITED FIELDS TERMINATED BY "\t";
LOAD DATA LOCAL INPATH '/data/hive/score.txt' INTO TABLE score;
-- éœ€æ±‚ï¼šè®¡ç®—æ¯é—¨å­¦ç§‘æˆç»©æ’åã€‚
-- rankï¼ˆï¼‰ æ’åºç›¸åŒæ—¶ä¼šé‡å¤ï¼Œæ€»æ•°ä¸å˜ï¼ŒæŒ‰ç…§å­¦ç§‘åˆ†ç»„ï¼Œç»„å†…æŒ‰ç…§åˆ†æ•°é™åºæ’åˆ—
SELECT name,
       subject,
       score,
       rank() OVER (PARTITION BY subject ORDER BY score DESC) rp
FROM score;
/*
+-------+----------+--------+-----+--+
| name  | subject  | score  | rp  |
+-------+----------+--------+-----+--+
| å­™æ‚Ÿç©º  | æ•°å­¦    | 95     | 1   |
| å®‹å®‹    | æ•°å­¦    | 86     | 2   |
| å©·å©·    | æ•°å­¦    | 85     | 3   |
| å¤§æµ·    | æ•°å­¦    | 56     | 4   |
| å¤§æµ·    | è‹±è¯­    | 84     | 1   |
| å®‹å®‹    | è‹±è¯­    | 84     | 1   |
| å©·å©·    | è‹±è¯­    | 78     | 3   |
| å­™æ‚Ÿç©º  | è‹±è¯­    | 68     | 4   |
| å¤§æµ·    | è¯­æ–‡    | 94     | 1   |
| å­™æ‚Ÿç©º  | è¯­æ–‡    | 87     | 2   |
| å©·å©·    | è¯­æ–‡    | 65     | 3   |
| å®‹å®‹    | è¯­æ–‡    | 64     | 4   |
+-------+----------+--------+-----+--+
12 rows selected (15.748 seconds)
*/

-- DENSE_RANK() æ’åºç›¸åŒæ—¶ä¼šé‡å¤ï¼Œæ€»æ•°ä¼šå‡å°‘
SELECT name,
       subject,
       score,
       rank() OVER (PARTITION BY subject ORDER BY score DESC) rp,
       dense_rank() OVER (PARTITION BY subject ORDER BY score DESC) drp
FROM score;
/*
+-------+----------+--------+-----+------+--+
| name  | subject  | score  | rp  | drp  |
+-------+----------+--------+-----+------+--+
| å­™æ‚Ÿç©º  | æ•°å­¦    | 95     | 1   | 1    |
| å®‹å®‹    | æ•°å­¦    | 86     | 2   | 2    |
| å©·å©·    | æ•°å­¦    | 85     | 3   | 3    |
| å¤§æµ·    | æ•°å­¦    | 56     | 4   | 4    |
| å¤§æµ·    | è‹±è¯­    | 84     | 1   | 1    |
| å®‹å®‹    | è‹±è¯­    | 84     | 1   | 1    |
| å©·å©·    | è‹±è¯­    | 78     | 3   | 2    |
| å­™æ‚Ÿç©º  | è‹±è¯­    | 68     | 4   | 3    |
| å¤§æµ·    | è¯­æ–‡    | 94     | 1   | 1    |
| å­™æ‚Ÿç©º  | è¯­æ–‡    | 87     | 2   | 2    |
| å©·å©·    | è¯­æ–‡    | 65     | 3   | 3    |
| å®‹å®‹    | è¯­æ–‡    | 64     | 4   | 4    |
+-------+----------+--------+-----+------+--+
*/
-- ROW_NUMBER() ä¼šæ ¹æ®é¡ºåºè®¡ç®—
SELECT name,
       subject,
       score,
       rank() OVER (PARTITION BY subject ORDER BY score DESC) rp,
       dense_rank() OVER (PARTITION BY subject ORDER BY score DESC) drp,
       row_number() OVER (PARTITION BY subject ORDER BY score DESC) rmp
FROM score;
/*
+-------+----------+--------+-----+------+------+--+
| name  | subject  | score  | rp  | drp  | rmp  |
+-------+----------+--------+-----+------+------+--+
| å­™æ‚Ÿç©º  | æ•°å­¦    | 95     | 1   | 1    | 1    |
| å®‹å®‹    | æ•°å­¦    | 86     | 2   | 2    | 2    |
| å©·å©·    | æ•°å­¦    | 85     | 3   | 3    | 3    |
| å¤§æµ·    | æ•°å­¦    | 56     | 4   | 4    | 4    |
+---------+--------+--------+-----+------+------+--
| å¤§æµ·    | è‹±è¯­    | 84     | 1   | 1    | 1    |
| å®‹å®‹    | è‹±è¯­    | 84     | 1   | 1    | 2    |
| å©·å©·    | è‹±è¯­    | 78     | 3   | 2    | 3    |
| å­™æ‚Ÿç©º  | è‹±è¯­    | 68     | 4   | 3    | 4    |
+--------+---------+--------+-----+------+------+--
| å¤§æµ·    | è¯­æ–‡    | 94     | 1   | 1    | 1    |
| å­™æ‚Ÿç©º  | è¯­æ–‡    | 87     | 2   | 2    | 2    |
| å©·å©·    | è¯­æ–‡    | 65     | 3   | 3    | 3    |
| å®‹å®‹    | è¯­æ–‡    | 64     | 4   | 4    | 4    |
+-------+----------+--------+-----+------+------+--+
*/
```



